Language,Pack_Number,Pack_Title,Row_Number,Column_Name,Old_Value,New_Value,Reason
chinese,8,Core Measure Words,15,khmer,ជួរខ្ពស់ || ក្រុម,ជួរខ្ពស់ ក្រុម,Remove pipe symbols from khmer translation
chinese,8,Core Measure Words,42,khmer,| ដង្ហើមមួយ,ដង្ហើមមួយ,Remove pipe symbols from khmer translation
chinese,9,Basic Question Words,14,khmer,| តើមានប៉ុណ្ណា ?,តើមានប៉ុណ្ណា ?,Remove pipe symbols from khmer translation
chinese,9,Basic Question Words,23,khmer,| មួយណាដែលត្រូវជ្រើសរើស,មួយណាដែលត្រូវជ្រើសរើស,Remove pipe symbols from khmer translation
chinese,9,Basic Question Words,27,khmer,| កន្លែងដែលត្រូវទៅ,កន្លែងដែលត្រូវទៅ,Remove pipe symbols from khmer translation
chinese,9,Basic Question Words,34,khmer,| តើមានមនុស្សប៉ុន្មាននាក់,តើមានមនុស្សប៉ុន្មាននាក់,Remove pipe symbols from khmer translation
chinese,9,Basic Question Words,39,khmer,| តើមានរយៈពេលប៉ុន្មាន,តើមានរយៈពេលប៉ុន្មាន,Remove pipe symbols from khmer translation
chinese,9,Basic Question Words,40,khmer,| តើមានប៉ុណ្ណា ?,តើមានប៉ុណ្ណា ?,Remove pipe symbols from khmer translation
chinese,9,Basic Question Words,44,khmer,តើខ្ពង់ខ្ពស់ប៉ុណ្ណា ?| ខ្ពស់ណាស់,តើខ្ពង់ខ្ពស់ប៉ុណ្ណា ? ខ្ពស់ណាស់,Remove pipe symbols from khmer translation
chinese,10,Time Essentials,4,khmer,ថ្ងៃស្អែក || ម្សិលមិញ,ថ្ងៃស្អែក ម្សិលមិញ,Remove pipe symbols from khmer translation
chinese,10,Time Essentials,10,khmer,ល្ងាច || ម៉ោង,ល្ងាច ម៉ោង,Remove pipe symbols from khmer translation
chinese,10,Time Essentials,39,khmer,កាលពីអតីតកាល|| និយាយនាពេលអនាគត,កាលពីអតីតកាល និយាយនាពេលអនាគត,Remove pipe symbols from khmer translation
chinese,11,Basic Adjectives I,8,khmer,| ខ្ពស់,ខ្ពស់,Remove pipe symbols from khmer translation
chinese,11,Basic Adjectives I,10,khmer,| អាក្រក់,អាក្រក់,Remove pipe symbols from khmer translation
chinese,11,Basic Adjectives I,15,khmer,| ឆ្ងាយ,ឆ្ងាយ,Remove pipe symbols from khmer translation
chinese,11,Basic Adjectives I,17,khmer,| ដំបូង,ដំបូង,Remove pipe symbols from khmer translation
chinese,11,Basic Adjectives I,19,khmer,មនុស្សពេញវ័យ || ធំឡើង,មនុស្សពេញវ័យ ធំឡើង,Remove pipe symbols from khmer translation
chinese,11,Basic Adjectives I,20,khmer,| រឿងតិចតួច,រឿងតិចតួច,Remove pipe symbols from khmer translation
chinese,11,Basic Adjectives I,25,khmer,ការថយចុះ || យូរ,ការថយចុះ យូរ,Remove pipe symbols from khmer translation
chinese,11,Basic Adjectives I,26,khmer,នាយកសាលា || ចំណុចខ្វះខាត,នាយកសាលា ចំណុចខ្វះខាត,Remove pipe symbols from khmer translation
chinese,11,Basic Adjectives I,28,khmer,| ខ្ពស់,ខ្ពស់,Remove pipe symbols from khmer translation
chinese,11,Basic Adjectives I,31,khmer,| ខ្លី,ខ្លី,Remove pipe symbols from khmer translation
chinese,11,Basic Adjectives I,32,khmer,| បុរសអាក្រក់,បុរសអាក្រក់,Remove pipe symbols from khmer translation
chinese,13,Core Radicals & Components,2,khmer,ប្រជាជន || បេះដូង,ប្រជាជន បេះដូង,Remove pipe symbols from khmer translation
chinese,13,Core Radicals & Components,5,khmer,ផែនដី || ដើមឈើ,ផែនដី ដើមឈើ,Remove pipe symbols from khmer translation
chinese,14,Emergency & Survival,10,khmer,| ការប្រុងប្រយ័ត្ន,ការប្រុងប្រយ័ត្ន,Remove pipe symbols from khmer translation
chinese,14,Emergency & Survival,11,khmer,| មន្ទីរពេទ្យ || ឱសថស្ថាន || បង្គន់,មន្ទីរពេទ្យ ឱសថស្ថាន បង្គន់,Remove pipe symbols from khmer translation
chinese,14,Emergency & Survival,13,khmer,| ច្រកចូល,ច្រកចូល,Remove pipe symbols from khmer translation
chinese,14,Emergency & Survival,27,khmer,ហៅទូរស័ព្ទប៉ូលីស || អ្នកពន្លត់អគ្គីភ័យ,ហៅទូរស័ព្ទប៉ូលីស អ្នកពន្លត់អគ្គីភ័យ,Remove pipe symbols from khmer translation
chinese,14,Emergency & Survival,35,khmer,| ទៅមន្ទីរពេទ្យ,ទៅមន្ទីរពេទ្យ,Remove pipe symbols from khmer translation
chinese,14,Emergency & Survival,40,khmer,| ស្វែងរកបង្គន់,ស្វែងរកបង្គន់,Remove pipe symbols from khmer translation
chinese,14,Emergency & Survival,41,khmer,| ដែលជាកន្លែងដែលត្រូវបានច្រកចេញ,ដែលជាកន្លែងដែលត្រូវបានច្រកចេញ,Remove pipe symbols from khmer translation
chinese,14,Emergency & Survival,42,khmer,| ស្វែងរកការចាកចេញ,ស្វែងរកការចាកចេញ,Remove pipe symbols from khmer translation
chinese,17,Months & Seasons,3,khmer,ខែមករា || ខែកុម្ភៈ || || មីនា || ខែមេសា,ខែមករា ខែកុម្ភៈ មីនា ខែមេសា,Remove pipe symbols from khmer translation
chinese,17,Months & Seasons,5,khmer,ខែមិថុនា || ខែកក្កដា || ខែសីហា || ខែកញ្ញា,ខែមិថុនា ខែកក្កដា ខែសីហា ខែកញ្ញា,Remove pipe symbols from khmer translation
chinese,17,Months & Seasons,11,khmer,រដូវស្លឹកឈើជ្រុះ || រដូវរងា,រដូវស្លឹកឈើជ្រុះ រដូវរងា,Remove pipe symbols from khmer translation
chinese,17,Months & Seasons,19,khmer,| ខែមីនាចាប់ផ្តើមសាលារៀន,ខែមីនាចាប់ផ្តើមសាលារៀន,Remove pipe symbols from khmer translation
chinese,17,Months & Seasons,21,khmer,| ខែមេសា Qingming,ខែមេសា Qingming,Remove pipe symbols from khmer translation
chinese,19,Telling Time,5,khmer,ត្រីមាស || ពាក់កណ្តាល || ម៉ោង,ត្រីមាស ពាក់កណ្តាល ម៉ោង,Remove pipe symbols from khmer translation
chinese,19,Telling Time,6,khmer,នាឡិកា || មើល,នាឡិកា មើល,Remove pipe symbols from khmer translation
chinese,19,Telling Time,7,khmer,ម៉ោងរោទិ៍ || ម៉ោង,ម៉ោងរោទិ៍ ម៉ោង,Remove pipe symbols from khmer translation
chinese,19,Telling Time,39,khmer,| មកដល់ដំបូង,មកដល់ដំបូង,Remove pipe symbols from khmer translation
chinese,21,More Measure Words,2,khmer,ប្រអប់ || កាបូប,ប្រអប់ កាបូប,Remove pipe symbols from khmer translation
chinese,21,More Measure Words,9,khmer,តារាងកម្មវិធី || រថយន្ត,តារាងកម្មវិធី រថយន្ត,Remove pipe symbols from khmer translation
chinese,21,More Measure Words,11,khmer,ស្រទាប់ || បន្ទប់ || មែកធាង,ស្រទាប់ បន្ទប់ មែកធាង,Remove pipe symbols from khmer translation
chinese,21,More Measure Words,12,khmer,ផ្កា || ខ្សែអក្សរ,ផ្កា ខ្សែអក្សរ,Remove pipe symbols from khmer translation
chinese,21,More Measure Words,13,khmer,បណ្តា្ឆកា || គំនរ,បណ្តា្ឆកា គំនរ,Remove pipe symbols from khmer translation
chinese,21,More Measure Words,14,khmer,| ប្រអប់ស្ករមួយ,ប្រអប់ស្ករមួយ,Remove pipe symbols from khmer translation
chinese,21,More Measure Words,22,khmer,| ដំណើរពីរបី,ដំណើរពីរបី,Remove pipe symbols from khmer translation
chinese,21,More Measure Words,23,khmer,| អាហារ,អាហារ,Remove pipe symbols from khmer translation
chinese,21,More Measure Words,26,khmer,| វគ្គពីរបី,វគ្គពីរបី,Remove pipe symbols from khmer translation
chinese,21,More Measure Words,29,khmer,កុំព្យូទ័រ || ពីរបី,កុំព្យូទ័រ ពីរបី,Remove pipe symbols from khmer translation
chinese,21,More Measure Words,39,khmer,| ពីរបី,ពីរបី,Remove pipe symbols from khmer translation
chinese,22,More Action Verbs,15,khmer,| ចម្លើយ,ចម្លើយ,Remove pipe symbols from khmer translation
chinese,22,More Action Verbs,30,khmer,| ស្វែងរក,ស្វែងរក,Remove pipe symbols from khmer translation
chinese,22,More Action Verbs,32,khmer,| ទិញអ្វីមួយ,ទិញអ្វីមួយ,Remove pipe symbols from khmer translation
chinese,22,More Action Verbs,37,khmer,| ជួលឡាន,ជួលឡាន,Remove pipe symbols from khmer translation
chinese,22,More Action Verbs,48,khmer,| ចម្លើយ,ចម្លើយ,Remove pipe symbols from khmer translation
chinese,22,More Action Verbs,58,khmer,| ការផ្លាស់ប្តូរ,ការផ្លាស់ប្តូរ,Remove pipe symbols from khmer translation
chinese,24,Places & Locations,4,khmer,ក្រុមហ៊ុន || ធនាគារ || ផ្សារទំនើប || ហាង || សណ្ឋាគារ || សណ្ឋាគារ || ភោជនីយដ្ឋាន || អាកាសយានដ្ឋាន,ក្រុមហ៊ុន ធនាគារ ផ្សារទំនើប ហាង សណ្ឋាគារ សណ្ឋាគារ ភោជនីយដ្ឋាន អាកាសយានដ្ឋាន,Remove pipe symbols from khmer translation
chinese,24,Places & Locations,8,khmer,ការិយាល័យ || ការិយាល័យប្រៃសណីយ៍,ការិយាល័យ ការិយាល័យប្រៃសណីយ៍,Remove pipe symbols from khmer translation
chinese,24,Places & Locations,10,khmer,សារមន្ទីរ || កន្លែងហាត់ប្រាណ,សារមន្ទីរ កន្លែងហាត់ប្រាណ,Remove pipe symbols from khmer translation
chinese,24,Places & Locations,12,khmer,| ស្វែងរកកន្លែងមួយ,ស្វែងរកកន្លែងមួយ,Remove pipe symbols from khmer translation
chinese,24,Places & Locations,19,khmer,| ការបញ្ចុះតម្លៃផ្សារទំនើប,ការបញ្ចុះតម្លៃផ្សារទំនើប,Remove pipe symbols from khmer translation
chinese,24,Places & Locations,22,khmer,កក់សណ្ឋាគារ || ដើរនៅឧទ្យាន,កក់សណ្ឋាគារ ដើរនៅឧទ្យាន,Remove pipe symbols from khmer translation
chinese,28,Body Parts,50,khmer,backrest || ចង្វាក់បេះដូង,backrest ចង្វាក់បេះដូង,Remove pipe symbols from khmer translation
chinese,30,Drinks & Beverages,30,khmer,| ផឹកទឹកដោះគោ,ផឹកទឹកដោះគោ,Remove pipe symbols from khmer translation
chinese,30,Drinks & Beverages,32,khmer,| ផឹកតែទឹកដោះ,ផឹកតែទឹកដោះ,Remove pipe symbols from khmer translation
chinese,30,Drinks & Beverages,36,khmer,| ផឹកកូកាកូឡា,ផឹកកូកាកូឡា,Remove pipe symbols from khmer translation
chinese,30,Drinks & Beverages,41,khmer,| ស្រាសខ្លាំង,ស្រាសខ្លាំង,Remove pipe symbols from khmer translation
chinese,30,Drinks & Beverages,44,khmer,| ផឹកស្រាក្រហម,ផឹកស្រាក្រហម,Remove pipe symbols from khmer translation
chinese,33,Clothing Items,5,khmer,ស្បែកជើង || ស្រោមជើង,ស្បែកជើង ស្រោមជើង,Remove pipe symbols from khmer translation
chinese,33,Clothing Items,15,khmer,| វ៉ែនតា,វ៉ែនតា,Remove pipe symbols from khmer translation
chinese,33,Clothing Items,23,khmer,ស្បែកជើងស្បែក || ស្បែកជើងដែលសម,ស្បែកជើងស្បែក ស្បែកជើងដែលសម,Remove pipe symbols from khmer translation
chinese,34,Weather Words,15,khmer,សាយសត្វ || គោរព,សាយសត្វ គោរព,Remove pipe symbols from khmer translation
chinese,34,Weather Words,22,khmer,| វាមានពពក,វាមានពពក,Remove pipe symbols from khmer translation
chinese,34,Weather Words,30,khmer,| វាមានខ្យល់បក់,វាមានខ្យល់បក់,Remove pipe symbols from khmer translation
chinese,34,Weather Words,31,khmer,| ផ្គរលាន់,ផ្គរលាន់,Remove pipe symbols from khmer translation
chinese,34,Weather Words,34,khmer,| សូមមើលផ្លេកបន្ទោរ,សូមមើលផ្លេកបន្ទោរ,Remove pipe symbols from khmer translation
chinese,34,Weather Words,38,khmer,| ពិនិត្យសីតុណ្ហភាព,ពិនិត្យសីតុណ្ហភាព,Remove pipe symbols from khmer translation
chinese,34,Weather Words,39,khmer,| ការព្យាករណ៍អាកាសធាតុ,ការព្យាករណ៍អាកាសធាតុ,Remove pipe symbols from khmer translation
chinese,34,Weather Words,43,khmer,| សាយសត្វ || សាយសត្វ || គោរព,សាយសត្វ សាយសត្វ គោរព,Remove pipe symbols from khmer translation
chinese,35,Shopping Basics,11,khmer,វិក័យប័ត្រ || ការផ្សព្វផ្សាយ,វិក័យប័ត្រ ការផ្សព្វផ្សាយ,Remove pipe symbols from khmer translation
chinese,35,Shopping Basics,13,khmer,ការចរចា los| តារាងតំលៃ,ការចរចា los តារាងតំលៃ,Remove pipe symbols from khmer translation
chinese,35,Shopping Basics,19,khmer,ថោកជាង || ថោកណាស់,ថោកជាង ថោកណាស់,Remove pipe symbols from khmer translation
chinese,35,Shopping Basics,21,khmer,| ថ្លៃណាស់,ថ្លៃណាស់,Remove pipe symbols from khmer translation
chinese,35,Shopping Basics,24,khmer,| ប្រគល់វា,ប្រគល់វា,Remove pipe symbols from khmer translation
chinese,35,Shopping Basics,34,khmer,| ដាក់លក់,ដាក់លក់,Remove pipe symbols from khmer translation
chinese,36,Around the House,29,khmer,| បន្ទប់ទទួលភ្ញៀវធំ,បន្ទប់ទទួលភ្ញៀវធំ,Remove pipe symbols from khmer translation
chinese,38,Describing People,4,khmer,| គួរឱ្យស្រលាញ់,គួរឱ្យស្រលាញ់,Remove pipe symbols from khmer translation
chinese,38,Describing People,8,khmer,ឆ្លាត || ល្ងង់,ឆ្លាត ល្ងង់,Remove pipe symbols from khmer translation
chinese,38,Describing People,12,khmer,| ប្រភេទ,ប្រភេទ,Remove pipe symbols from khmer translation
chinese,38,Describing People,13,khmer,adomain adom| មិត្តភាព,adomain adom មិត្តភាព,Remove pipe symbols from khmer translation
chinese,38,Describing People,14,khmer,| ក្លាហាន,ក្លាហាន,Remove pipe symbols from khmer translation
chinese,38,Describing People,15,khmer,អាត្មានិយម || សប្បុរស,អាត្មានិយម សប្បុរស,Remove pipe symbols from khmer translation
chinese,38,Describing People,40,khmer,| ឆ្លាតនិងមានសមត្ថភាព,ឆ្លាតនិងមានសមត្ថភាព,Remove pipe symbols from khmer translation
chinese,38,Describing People,46,khmer,អាត្មានិយម || អាត្មានិយមពេក,អាត្មានិយម អាត្មានិយមពេក,Remove pipe symbols from khmer translation
chinese,38,Describing People,47,khmer,| ការឧបត្ថម្ភនិងសមរម្យ,ការឧបត្ថម្ភនិងសមរម្យ,Remove pipe symbols from khmer translation
chinese,39,Emotions & Feelings,13,khmer,| គួរឱ្យចាប់អារម្មណ៍,គួរឱ្យចាប់អារម្មណ៍,Remove pipe symbols from khmer translation
chinese,39,Emotions & Feelings,34,khmer,| សាហាវណាស់,សាហាវណាស់,Remove pipe symbols from khmer translation
chinese,39,Emotions & Feelings,41,khmer,| គួរឱ្យធុញណាស់,គួរឱ្យធុញណាស់,Remove pipe symbols from khmer translation
chinese,39,Emotions & Feelings,53,khmer,តើអ្នកមានការព្រួយបារម្ភអ្វីអំពីការ|| មានផាសុកភាពណាស់,តើអ្នកមានការព្រួយបារម្ភអ្វីអំពីការ មានផាសុកភាពណាស់,Remove pipe symbols from khmer translation
chinese,40,Health & Sickness,9,khmer,| ការរងរបួស,ការរងរបួស,Remove pipe symbols from khmer translation
chinese,40,Health & Sickness,11,khmer,ការងើបឡើងវិញ || ការងើបឡើងវិញ || តាមដាន,ការងើបឡើងវិញ ការងើបឡើងវិញ តាមដាន,Remove pipe symbols from khmer translation
chinese,40,Health & Sickness,12,khmer,ការចូលមន្ទីរពេទ្យ || ការហូរ,ការចូលមន្ទីរពេទ្យ ការហូរ,Remove pipe symbols from khmer translation
chinese,40,Health & Sickness,13,khmer,ការ resuper || សុខភាពល្អ,ការ resuper សុខភាពល្អ,Remove pipe symbols from khmer translation
chinese,40,Health & Sickness,17,khmer,| ត្រជាក់,ត្រជាក់,Remove pipe symbols from khmer translation
chinese,40,Health & Sickness,21,khmer,| ក្អក,ក្អក,Remove pipe symbols from khmer translation
chinese,40,Health & Sickness,22,khmer,| រក្សាការក្អក,រក្សាការក្អក,Remove pipe symbols from khmer translation
chinese,40,Health & Sickness,42,khmer,| អណ្តូងឆ្អឹងបានពន្លឿន,អណ្តូងឆ្អឹងបានពន្លឿន,Remove pipe symbols from khmer translation
chinese,41,School Life,3,khmer,និស្សិត || មិត្តរួមថ្នាក់,និស្សិត មិត្តរួមថ្នាក់,Remove pipe symbols from khmer translation
chinese,41,School Life,8,khmer,កិច្ចការផ្ទះ || ការប្រឡង,កិច្ចការផ្ទះ ការប្រឡង,Remove pipe symbols from khmer translation
chinese,41,School Life,11,khmer,សៀវភៅ || សៀវភៅ || ប៊ិច,សៀវភៅ សៀវភៅ ប៊ិច,Remove pipe symbols from khmer translation
chinese,41,School Life,13,khmer,សួនកុមារ || បរិវេន្នមញ្ញា || គ្រូល្អ,សួនកុមារ បរិវេន្នមញ្ញា គ្រូល្អ,Remove pipe symbols from khmer translation
chinese,41,School Life,17,khmer,| មិត្តរួមថ្នាក់ល្អ,មិត្តរួមថ្នាក់ល្អ,Remove pipe symbols from khmer translation
chinese,41,School Life,33,khmer,| បញ្ចប់ការសិក្សា,បញ្ចប់ការសិក្សា,Remove pipe symbols from khmer translation
chinese,41,School Life,37,khmer,| ការសរសេរសៀវភៅកត់ត្រា,ការសរសេរសៀវភៅកត់ត្រា,Remove pipe symbols from khmer translation
chinese,41,School Life,40,khmer,| ទទួលបានប៊ិច,ទទួលបានប៊ិច,Remove pipe symbols from khmer translation
chinese,41,School Life,41,khmer,| អនុវត្តសាលារៀនមាតុភាព,អនុវត្តសាលារៀនមាតុភាព,Remove pipe symbols from khmer translation
chinese,47,Hobbies & Leisure,8,khmer,| ការថតរូប,ការថតរូប,Remove pipe symbols from khmer translation
chinese,47,Hobbies & Leisure,15,khmer,ល្បែង || ការលេងអុកអូរ,ល្បែង ការលេងអុកអូរ,Remove pipe symbols from khmer translation
chinese,47,Hobbies & Leisure,17,khmer,ថែសួន || ចំណង់ចំណូលចិត្តរបស់ខ្ញុំ,ថែសួន ចំណង់ចំណូលចិត្តរបស់ខ្ញុំ,Remove pipe symbols from khmer translation
chinese,47,Hobbies & Leisure,21,khmer,| ស្រឡាញ់ការអាន,ស្រឡាញ់ការអាន,Remove pipe symbols from khmer translation
chinese,47,Hobbies & Leisure,39,khmer,ទៅនេសាទ || ស្រឡាញ់នេសាទការនេសាទ,ទៅនេសាទ ស្រឡាញ់នេសាទការនេសាទ,Remove pipe symbols from khmer translation
chinese,47,Hobbies & Leisure,46,khmer,| រៀនធ្វើម្ហូប,រៀនធ្វើម្ហូប,Remove pipe symbols from khmer translation
chinese,47,Hobbies & Leisure,48,khmer,ថែសួន || ថែសួនស្រឡាញ់,ថែសួន ថែសួនស្រឡាញ់,Remove pipe symbols from khmer translation
chinese,48,Sports & Exercise,50,khmer,| ចូលចិត្តហាត់ប្រាណ,ចូលចិត្តហាត់ប្រាណ,Remove pipe symbols from khmer translation
chinese,48,Sports & Exercise,51,khmer,| ថ្នាក់អប់រំកាយ,ថ្នាក់អប់រំកាយ,Remove pipe symbols from khmer translation
chinese,52,Time Words Advanced,6,khmer,ល្ងាច || ព្រំ,ល្ងាច ព្រំ,Remove pipe symbols from khmer translation
chinese,52,Time Words Advanced,7,khmer,| ជាធម្មតា,ជាធម្មតា,Remove pipe symbols from khmer translation
chinese,52,Time Words Advanced,10,khmer,អនាគត || តែងតែ,អនាគត តែងតែ,Remove pipe symbols from khmer translation
chinese,52,Time Words Advanced,25,khmer,ល្ងាច || ចំពោះព្រលប់,ល្ងាច ចំពោះព្រលប់,Remove pipe symbols from khmer translation
chinese,52,Time Words Advanced,26,khmer,| ព្រំ,ព្រំ,Remove pipe symbols from khmer translation
chinese,52,Time Words Advanced,27,khmer,| ក្រឡេកមើលព្រលប់,ក្រឡេកមើលព្រលប់,Remove pipe symbols from khmer translation
chinese,52,Time Words Advanced,28,khmer,| ជាធម្មតារវល់,ជាធម្មតារវល់,Remove pipe symbols from khmer translation
chinese,53,Location Words,2,khmer,កណ្តាល || || នៅខាងក្នុង,កណ្តាល នៅខាងក្នុង,Remove pipe symbols from khmer translation
chinese,53,Location Words,12,khmer,| គ្រប់ទីកន្លែង,គ្រប់ទីកន្លែង,Remove pipe symbols from khmer translation
chinese,53,Location Words,21,khmer,កណ្តាល || || កន្លែងណា,កណ្តាល កន្លែងណា,Remove pipe symbols from khmer translation
chinese,53,Location Words,41,khmer,| នៅជុំវិញ,នៅជុំវិញ,Remove pipe symbols from khmer translation
chinese,53,Location Words,42,khmer,| ដើរជុំវិញ,ដើរជុំវិញ,Remove pipe symbols from khmer translation
chinese,53,Location Words,47,khmer,| ក្នុងស្រុក,ក្នុងស្រុក,Remove pipe symbols from khmer translation
chinese,53,Location Words,50,khmer,| នៅភាគខាងត្បូង,នៅភាគខាងត្បូង,Remove pipe symbols from khmer translation
chinese,53,Location Words,53,khmer,| នៅភាគខាងលិច,នៅភាគខាងលិច,Remove pipe symbols from khmer translation
chinese,56,Expressing Needs,16,khmer,ការស្រាវជ្រាវបន្ទាន់ || ការស្រាវជ្រាវបន្ទាន់ || ត្រូវការអ្នក,ការស្រាវជ្រាវបន្ទាន់ ការស្រាវជ្រាវបន្ទាន់ ត្រូវការអ្នក,Remove pipe symbols from khmer translation
chinese,56,Expressing Needs,29,khmer,| អង្វរណាស់,អង្វរណាស់,Remove pipe symbols from khmer translation
chinese,56,Expressing Needs,30,khmer,តម្រូវការខ្ពស់ || ត្រូវតែទៅ,តម្រូវការខ្ពស់ ត្រូវតែទៅ,Remove pipe symbols from khmer translation
chinese,58,Giving Directions,5,khmer,| បើក,បើក,Remove pipe symbols from khmer translation
chinese,58,Giving Directions,23,khmer,| សូមបង្វែរស្តាំ,សូមបង្វែរស្តាំ,Remove pipe symbols from khmer translation
chinese,58,Giving Directions,28,khmer,|| ទៅចំនុចប្រសព្វ,ទៅចំនុចប្រសព្វ,Remove pipe symbols from khmer translation
chinese,58,Giving Directions,34,khmer,| នៅខាងស្តាំ,នៅខាងស្តាំ,Remove pipe symbols from khmer translation
chinese,59,Describing Situations,6,khmer,មិនធម្មតា || សាមញ្ញ,មិនធម្មតា សាមញ្ញ,Remove pipe symbols from khmer translation
chinese,59,Describing Situations,17,khmer,តើស្ថានភាពយ៉ាងម៉េច ?|| ស្ថានភាពបច្ចុប្បន្ន,តើស្ថានភាពយ៉ាងម៉េច ? ស្ថានភាពបច្ចុប្បន្ន,Remove pipe symbols from khmer translation
chinese,59,Describing Situations,26,khmer,| កំពុងដំណើរការ,កំពុងដំណើរការ,Remove pipe symbols from khmer translation
chinese,59,Describing Situations,34,khmer,| មានការផ្លាស់ប្តូរ,មានការផ្លាស់ប្តូរ,Remove pipe symbols from khmer translation
chinese,59,Describing Situations,35,khmer,| មានការផ្លាស់ប្តូរ,មានការផ្លាស់ប្តូរ,Remove pipe symbols from khmer translation
chinese,59,Describing Situations,36,khmer,| បានផ្លាស់ប្តូរ,បានផ្លាស់ប្តូរ,Remove pipe symbols from khmer translation
chinese,59,Describing Situations,40,khmer,| កាន់តែអាក្រក់ទៅ ៗ,កាន់តែអាក្រក់ទៅ ៗ,Remove pipe symbols from khmer translation
chinese,61,Money & Payments,3,khmer,| តំលៃ,តំលៃ,Remove pipe symbols from khmer translation
chinese,61,Money & Payments,12,khmer,វិក័យប័ត្រ || វិក័យប័ត្រ || ការប្រើប្រាស់,វិក័យប័ត្រ វិក័យប័ត្រ ការប្រើប្រាស់,Remove pipe symbols from khmer translation
chinese,61,Money & Payments,23,khmer,| បង់លុយសាច់ប្រាក់,បង់លុយសាច់ប្រាក់,Remove pipe symbols from khmer translation
chinese,61,Money & Payments,35,khmer,វិក័យប័ត្រ || ស្នើសុំវិក័យប័ត្រមួយ,វិក័យប័ត្រ ស្នើសុំវិក័យប័ត្រមួយ,Remove pipe symbols from khmer translation
chinese,61,Money & Payments,37,khmer,| ផ្តល់វិក័យប័ត្រ,ផ្តល់វិក័យប័ត្រ,Remove pipe symbols from khmer translation
chinese,61,Money & Payments,38,khmer,| ការប្រើប្រាស់ខ្ពស់,ការប្រើប្រាស់ខ្ពស់,Remove pipe symbols from khmer translation
chinese,62,At the Restaurant,2,khmer,Menu || បញ្ជាទិញម្ហូប,Menu បញ្ជាទិញម្ហូប,Remove pipe symbols from khmer translation
chinese,62,At the Restaurant,6,khmer,| អ្នករត់តុ,អ្នករត់តុ,Remove pipe symbols from khmer translation
chinese,62,At the Restaurant,11,khmer,| Dine-in,Dine-in,Remove pipe symbols from khmer translation
chinese,62,At the Restaurant,14,khmer,chopsticks || បម្រើ,chopsticks បម្រើ,Remove pipe symbols from khmer translation
chinese,62,At the Restaurant,17,khmer,ទទួលបានមីនុយ || បញ្ជាទិញ,ទទួលបានមីនុយ បញ្ជាទិញ,Remove pipe symbols from khmer translation
chinese,62,At the Restaurant,20,khmer,| សូមផ្តល់អនុសាសន៍,សូមផ្តល់អនុសាសន៍,Remove pipe symbols from khmer translation
chinese,62,At the Restaurant,21,khmer,| នេះគឺជាម្ហូបហត្ថលេខា,នេះគឺជាម្ហូបហត្ថលេខា,Remove pipe symbols from khmer translation
chinese,62,At the Restaurant,25,khmer,| ហៅអ្នករត់តុ,ហៅអ្នករត់តុ,Remove pipe symbols from khmer translation
chinese,62,At the Restaurant,28,khmer,| មកបង់ប្រាក់,មកបង់ប្រាក់,Remove pipe symbols from khmer translation
chinese,62,At the Restaurant,29,khmer,| សូមពិនិត្យមើល,សូមពិនិត្យមើល,Remove pipe symbols from khmer translation
chinese,63,At the Hotel,2,khmer,សណ្ឋាគារ || បន្ទប់តែមួយ,សណ្ឋាគារ បន្ទប់តែមួយ,Remove pipe symbols from khmer translation
chinese,63,At the Hotel,41,khmer,| តុបតែងសាលមុខ,តុបតែងសាលមុខ,Remove pipe symbols from khmer translation
chinese,64,At the Airport,4,khmer,ខ្លោងទ្វារ || អនុម័តឡើងជិះ,ខ្លោងទ្វារ អនុម័តឡើងជិះ,Remove pipe symbols from khmer translation
chinese,64,At the Airport,12,khmer,| ការមកដល់,ការមកដល់,Remove pipe symbols from khmer translation
chinese,64,At the Airport,13,khmer,| ការចេញដំណើរ,ការចេញដំណើរ,Remove pipe symbols from khmer translation
chinese,64,At the Airport,17,khmer,ស្ពាន || ពិនិត្យការហោះហើរ,ស្ពាន ពិនិត្យការហោះហើរ,Remove pipe symbols from khmer translation
chinese,64,At the Airport,24,khmer,ការបោះពុម្ភផ្សាយការចាក់ផ្សាយរបស់លោក|| ពិនិត្យចូល,ការបោះពុម្ភផ្សាយការចាក់ផ្សាយរបស់លោក ពិនិត្យចូល,Remove pipe symbols from khmer translation
chinese,64,At the Airport,26,khmer,ទទួលបានវ៉ាលី || ទទួលបានវ៉ាលី || ឆ្លងកាត់សន្តិសុខ,ទទួលបានវ៉ាលី ទទួលបានវ៉ាលី ឆ្លងកាត់សន្តិសុខ,Remove pipe symbols from khmer translation
chinese,64,At the Airport,32,khmer,| ការពន្យារពេលហោះហើរ,ការពន្យារពេលហោះហើរ,Remove pipe symbols from khmer translation
chinese,64,At the Airport,36,khmer,| ត្រៀមខ្លួនរួចជាស្រេចក្នុងការចាកចេញ,ត្រៀមខ្លួនរួចជាស្រេចក្នុងការចាកចេញ,Remove pipe symbols from khmer translation
chinese,66,Making Appointments,7,khmer,ជួរ || | លេខហៅ,ជួរ លេខហៅ,Remove pipe symbols from khmer translation
chinese,66,Making Appointments,11,khmer,ការពិគ្រោះយោបល់ | លេខអ្នកជំនាញ,ការពិគ្រោះយោបល់ លេខអ្នកជំនាញ,Remove pipe symbols from khmer translation
chinese,66,Making Appointments,16,khmer,| ជួបគ្នានៅសប្តាហ៍ក្រោយ|| រង់ចាំនៅសប្តាហ៍ក្រោយ,ជួបគ្នានៅសប្តាហ៍ក្រោយ រង់ចាំនៅសប្តាហ៍ក្រោយ,Remove pipe symbols from khmer translation
chinese,66,Making Appointments,18,khmer,| អាចកំណត់ពេលវេលាឡើងវិញ,អាចកំណត់ពេលវេលាឡើងវិញ,Remove pipe symbols from khmer translation
chinese,66,Making Appointments,19,khmer,| បញ្ជាក់,បញ្ជាក់,Remove pipe symbols from khmer translation
chinese,66,Making Appointments,36,khmer,| ធ្វើការណាត់ជួបជាមួយអ្នកជំនាញ,ធ្វើការណាត់ជួបជាមួយអ្នកជំនាញ,Remove pipe symbols from khmer translation
chinese,66,Making Appointments,37,khmer,| ធ្វើការណាត់ជួបជាមួយលេខធម្មតា,ធ្វើការណាត់ជួបជាមួយលេខធម្មតា,Remove pipe symbols from khmer translation
chinese,66,Making Appointments,38,khmer,| ធ្វើការណាត់ជួបជាមួយលេខធម្មតា,ធ្វើការណាត់ជួបជាមួយលេខធម្មតា,Remove pipe symbols from khmer translation
chinese,66,Making Appointments,39,khmer,| ចូលទៅកាន់លេខណាត់ជួប,ចូលទៅកាន់លេខណាត់ជួប,Remove pipe symbols from khmer translation
chinese,67,Weather Conversations,3,khmer,ឆ័ត្រ || ឡេការពារកម្តៅថ្ងៃ,ឆ័ត្រ ឡេការពារកម្តៅថ្ងៃ,Remove pipe symbols from khmer translation
chinese,67,Weather Conversations,5,khmer,ត្រជាក់ជាងនេះ| កក់ក្តៅ,ត្រជាក់ជាងនេះ កក់ក្តៅ,Remove pipe symbols from khmer translation
chinese,67,Weather Conversations,6,khmer,Plunge || ភាពកក់ក្តៅ,Plunge ភាពកក់ក្តៅ,Remove pipe symbols from khmer translation
chinese,67,Weather Conversations,26,khmer,| អាកាសធាតុកាន់តែកក់ក្តៅ,អាកាសធាតុកាន់តែកក់ក្តៅ,Remove pipe symbols from khmer translation
chinese,67,Weather Conversations,28,khmer,| ការធ្លាក់ចុះសីតុណ្ហភាព,ការធ្លាក់ចុះសីតុណ្ហភាព,Remove pipe symbols from khmer translation
chinese,67,Weather Conversations,41,khmer,| មានធូលី,មានធូលី,Remove pipe symbols from khmer translation
chinese,67,Weather Conversations,42,khmer,| មានអ័ព្ទ,មានអ័ព្ទ,Remove pipe symbols from khmer translation
chinese,68,Phone Conversations,4,khmer,តើអ្នកនៅទីនោះទេ ?|| មិនមែន,តើអ្នកនៅទីនោះទេ ? មិនមែន,Remove pipe symbols from khmer translation
chinese,68,Phone Conversations,6,khmer,| ការគាំទ្រ || សញ្ញា,ការគាំទ្រ សញ្ញា,Remove pipe symbols from khmer translation
chinese,68,Phone Conversations,9,khmer,ឆ្លើយទូរស័ព្ទ || ទូរស័ព្ទ,ឆ្លើយទូរស័ព្ទ ទូរស័ព្ទ,Remove pipe symbols from khmer translation
chinese,68,Phone Conversations,10,khmer,សារ || សំលេង,សារ សំលេង,Remove pipe symbols from khmer translation
chinese,68,Phone Conversations,12,khmer,| ចុច,ចុច,Remove pipe symbols from khmer translation
chinese,68,Phone Conversations,18,khmer,តើអ្នកនៅទីនោះទេ ?|| តើអ្នកនៅទីនោះទេ ?|| មិននៅផ្ទះ,តើអ្នកនៅទីនោះទេ ? តើអ្នកនៅទីនោះទេ ? មិននៅផ្ទះ,Remove pipe symbols from khmer translation
chinese,68,Phone Conversations,19,khmer,| គ្មាននរណាម្នាក់នៅទីនេះទេ,គ្មាននរណាម្នាក់នៅទីនេះទេ,Remove pipe symbols from khmer translation
chinese,68,Phone Conversations,24,khmer,| សញ្ញាមិនល្អ,សញ្ញាមិនល្អ,Remove pipe symbols from khmer translation
chinese,68,Phone Conversations,30,khmer,ឆ្លើយទូរស័ព្ទ || ចម្លើយរហ័ស,ឆ្លើយទូរស័ព្ទ ចម្លើយរហ័ស,Remove pipe symbols from khmer translation
chinese,68,Phone Conversations,38,khmer,| ទូរស័ព្ទរវល់,ទូរស័ព្ទរវល់,Remove pipe symbols from khmer translation
chinese,68,Phone Conversations,39,khmer,| ធ្វើការហៅមួយ,ធ្វើការហៅមួយ,Remove pipe symbols from khmer translation
chinese,71,Agreeing & Disagreeing,14,khmer,| ការយល់ព្រម,ការយល់ព្រម,Remove pipe symbols from khmer translation
chinese,71,Agreeing & Disagreeing,26,khmer,| ខ្ញុំមិនយល់ស្រប,ខ្ញុំមិនយល់ស្រប,Remove pipe symbols from khmer translation
chinese,74,Frequency Expressions,11,khmer,| មិនដែល,មិនដែល,Remove pipe symbols from khmer translation
chinese,77,Making Comparisons,5,khmer,| ដូចគ្នា,ដូចគ្នា,Remove pipe symbols from khmer translation
chinese,77,Making Comparisons,10,khmer,| ភាពខុសគ្នា,ភាពខុសគ្នា,Remove pipe symbols from khmer translation
chinese,77,Making Comparisons,12,khmer,| ប្រសើរជាង,ប្រសើរជាង,Remove pipe symbols from khmer translation
chinese,77,Making Comparisons,13,khmer,| បើប្រៀបធៀបទៅនឹង,បើប្រៀបធៀបទៅនឹង,Remove pipe symbols from khmer translation
chinese,77,Making Comparisons,18,khmer,| ល្អជាង,ល្អជាង,Remove pipe symbols from khmer translation
chinese,77,Making Comparisons,36,khmer,| ប្រសើរជាងគាត់,ប្រសើរជាងគាត់,Remove pipe symbols from khmer translation
chinese,77,Making Comparisons,37,khmer,| ប្រសើរជាង,ប្រសើរជាង,Remove pipe symbols from khmer translation
chinese,77,Making Comparisons,38,khmer,| ប្រសើរជាងគាត់,ប្រសើរជាងគាត់,Remove pipe symbols from khmer translation
chinese,77,Making Comparisons,39,khmer,| ប្រសើរជាង,ប្រសើរជាង,Remove pipe symbols from khmer translation
chinese,77,Making Comparisons,40,khmer,| បើប្រៀបធៀបនឹងអ្នក,បើប្រៀបធៀបនឹងអ្នក,Remove pipe symbols from khmer translation
chinese,77,Making Comparisons,42,khmer,ការប្រៀបធៀប || បើប្រៀបធៀបជាមួយ,ការប្រៀបធៀប បើប្រៀបធៀបជាមួយ,Remove pipe symbols from khmer translation
chinese,77,Making Comparisons,47,khmer,| ល្អជាងនេះបន្តិច,ល្អជាងនេះបន្តិច,Remove pipe symbols from khmer translation
chinese,77,Making Comparisons,48,khmer,| ល្អជាងបន្តិច,ល្អជាងបន្តិច,Remove pipe symbols from khmer translation
chinese,78,Expressing Preferences,6,khmer,| ចំណូលចិត្ត,ចំណូលចិត្ត,Remove pipe symbols from khmer translation
chinese,78,Expressing Preferences,7,khmer,| មិនចូលចិត្ត,មិនចូលចិត្ត,Remove pipe symbols from khmer translation
chinese,78,Expressing Preferences,11,khmer,| យល់ព្រម,យល់ព្រម,Remove pipe symbols from khmer translation
chinese,78,Expressing Preferences,24,khmer,| ខ្ញុំចូលចិត្ត,ខ្ញុំចូលចិត្ត,Remove pipe symbols from khmer translation
chinese,78,Expressing Preferences,30,khmer,| ខ្ញុំមិនចូលចិត្ត,ខ្ញុំមិនចូលចិត្ត,Remove pipe symbols from khmer translation
chinese,78,Expressing Preferences,34,khmer,| ជាមធ្យម,ជាមធ្យម,Remove pipe symbols from khmer translation
chinese,78,Expressing Preferences,35,khmer,| ជាមធ្យមណាស់,ជាមធ្យមណាស់,Remove pipe symbols from khmer translation
chinese,78,Expressing Preferences,42,khmer,| សុខចិត្តមិនអីទេ,សុខចិត្តមិនអីទេ,Remove pipe symbols from khmer translation
chinese,79,Giving Reasons,26,khmer,| មូលហេតុគឺ,មូលហេតុគឺ,Remove pipe symbols from khmer translation
chinese,79,Giving Reasons,30,khmer,| ពន្យល់,ពន្យល់,Remove pipe symbols from khmer translation
chinese,83,Time Expressions Advanced,5,khmer,ការ|,ការ,Remove pipe symbols from khmer translation
chinese,83,Time Expressions Advanced,22,khmer,| មកដល់ទាន់ពេល,មកដល់ទាន់ពេល,Remove pipe symbols from khmer translation
chinese,83,Time Expressions Advanced,43,khmer,| គ្រាន់តែភ្លាមៗ,គ្រាន់តែភ្លាមៗ,Remove pipe symbols from khmer translation
chinese,83,Time Expressions Advanced,44,khmer,| រយៈពេលវែង,រយៈពេលវែង,Remove pipe symbols from khmer translation
chinese,84,Frequency & Duration,41,khmer,| ការលើកទឹកចិត្ត,ការលើកទឹកចិត្ត,Remove pipe symbols from khmer translation
chinese,86,Cause & Effect,11,khmer,| ផលវិបាក,ផលវិបាក,Remove pipe symbols from khmer translation
chinese,86,Cause & Effect,22,khmer,មូលហេតុនៃការ || មានបុព្វហេតុនិងផលប៉ះពាល់,មូលហេតុនៃការ មានបុព្វហេតុនិងផលប៉ះពាល់,Remove pipe symbols from khmer translation
chinese,86,Cause & Effect,23,khmer,បណ្តាលមកពីការ|| នឹងបណ្តាលឱ្យ,បណ្តាលមកពីការ នឹងបណ្តាលឱ្យ,Remove pipe symbols from khmer translation
chinese,86,Cause & Effect,24,khmer,បណ្តាលមកពីការ|| នឹងបណ្តាលឱ្យ,បណ្តាលមកពីការ នឹងបណ្តាលឱ្យ,Remove pipe symbols from khmer translation
chinese,86,Cause & Effect,25,khmer,បណ្តាលមកពីការ|| នឹងបណ្តាលឱ្យ,បណ្តាលមកពីការ នឹងបណ្តាលឱ្យ,Remove pipe symbols from khmer translation
chinese,86,Cause & Effect,26,khmer,បណ្តាលមកពីការ|| នឹងបណ្តាលឱ្យ,បណ្តាលមកពីការ នឹងបណ្តាលឱ្យ,Remove pipe symbols from khmer translation
chinese,86,Cause & Effect,43,khmer,បណ្តាលមកពីការ|| ដូច្នេះបានកំណត់,បណ្តាលមកពីការ ដូច្នេះបានកំណត់,Remove pipe symbols from khmer translation
chinese,87,Conditions & Assumptions,8,khmer,| តែ,តែ,Remove pipe symbols from khmer translation
chinese,87,Conditions & Assumptions,17,khmer,| ដោយមិនគិតពី,ដោយមិនគិតពី,Remove pipe symbols from khmer translation
chinese,87,Conditions & Assumptions,26,khmer,| ចុះប្រសិនបើ,ចុះប្រសិនបើ,Remove pipe symbols from khmer translation
chinese,87,Conditions & Assumptions,27,khmer,| លើកលែងតែវាគឺ,លើកលែងតែវាគឺ,Remove pipe symbols from khmer translation
chinese,87,Conditions & Assumptions,39,khmer,| ទោះបីជាវាគឺ,ទោះបីជាវាគឺ,Remove pipe symbols from khmer translation
chinese,87,Conditions & Assumptions,40,khmer,| ទោះបីជាវាគឺ,ទោះបីជាវាគឺ,Remove pipe symbols from khmer translation
chinese,87,Conditions & Assumptions,41,khmer,| ទោះយ៉ាងណា,ទោះយ៉ាងណា,Remove pipe symbols from khmer translation
chinese,87,Conditions & Assumptions,43,khmer,| ទោះយ៉ាងណា,ទោះយ៉ាងណា,Remove pipe symbols from khmer translation
chinese,87,Conditions & Assumptions,45,khmer,| ទោះបីជាវាគ្រាន់តែ,ទោះបីជាវាគ្រាន់តែ,Remove pipe symbols from khmer translation
chinese,87,Conditions & Assumptions,46,khmer,| មិនថាមានអ្វីទៀតទេ ?|| មិនថាមានបញ្ហាអ្វីក៏ដោយ,មិនថាមានអ្វីទៀតទេ ? មិនថាមានបញ្ហាអ្វីក៏ដោយ,Remove pipe symbols from khmer translation
chinese,90,Structural Particles,3,khmer,ដី || ទទួលបាន,ដី ទទួលបាន,Remove pipe symbols from khmer translation
chinese,90,Structural Particles,4,khmer,អក្ខរាវិរុទ្ធ || ជាមួយ,អក្ខរាវិរុទ្ធ ជាមួយ,Remove pipe symbols from khmer translation
chinese,90,Structural Particles,8,khmer,អក្ខរាវិរុទ្ធ || in,អក្ខរាវិរុទ្ធ in,Remove pipe symbols from khmer translation
chinese,90,Structural Particles,15,khmer,| របស់ខ្ញុំ || ស្រស់ស្អាត,របស់ខ្ញុំ ស្រស់ស្អាត,Remove pipe symbols from khmer translation
chinese,92,Describing Things,15,khmer,| សម្ភារៈ,សម្ភារៈ,Remove pipe symbols from khmer translation
chinese,92,Describing Things,27,khmer,| ប្រភេទនេះ,ប្រភេទនេះ,Remove pipe symbols from khmer translation
chinese,92,Describing Things,36,khmer,| ទំហំសមស្រប,ទំហំសមស្រប,Remove pipe symbols from khmer translation
chinese,92,Describing Things,41,khmer,| ប្រវែងវាស់,ប្រវែងវាស់,Remove pipe symbols from khmer translation
chinese,96,Describing Problems,6,khmer,ការលំបាក || វិបត្តិ,ការលំបាក វិបត្តិ,Remove pipe symbols from khmer translation
chinese,96,Describing Problems,10,khmer,ការពឹងផ្អែកលើការ|| ធ្ងន់ធ្ងរ,ការពឹងផ្អែកលើការ ធ្ងន់ធ្ងរ,Remove pipe symbols from khmer translation
chinese,96,Describing Problems,11,khmer,| បញ្ហា,បញ្ហា,Remove pipe symbols from khmer translation
chinese,96,Describing Problems,21,khmer,ដកឧបសគ្គ || ធ្លាក់ខ្លួនទៅរកបញ្ហា,ដកឧបសគ្គ ធ្លាក់ខ្លួនទៅរកបញ្ហា,Remove pipe symbols from khmer translation
chinese,96,Describing Problems,27,khmer,| ការបរាជ័យរបស់ម៉ាស៊ីន,ការបរាជ័យរបស់ម៉ាស៊ីន,Remove pipe symbols from khmer translation
chinese,97,Solutions & Methods,9,khmer,| ផែនការ,ផែនការ,Remove pipe symbols from khmer translation
chinese,97,Solutions & Methods,10,khmer,វិធានការណ៍តបត || ការផ្តល់យោបល់,វិធានការណ៍តបត ការផ្តល់យោបល់,Remove pipe symbols from khmer translation
chinese,97,Solutions & Methods,21,khmer,| ដើម្បីដោះស្រាយជាមួយ,ដើម្បីដោះស្រាយជាមួយ,Remove pipe symbols from khmer translation
chinese,97,Solutions & Methods,23,khmer,| ឆ្លើយតបយ៉ាងសកម្ម,ឆ្លើយតបយ៉ាងសកម្ម,Remove pipe symbols from khmer translation
chinese,97,Solutions & Methods,32,khmer,| ធ្វើផែនការ,ធ្វើផែនការ,Remove pipe symbols from khmer translation
chinese,97,Solutions & Methods,35,khmer,គិតអំពីវិធានការណ៍តបតវិញ| មានយោបល់,គិតអំពីវិធានការណ៍តបតវិញ មានយោបល់,Remove pipe symbols from khmer translation
chinese,97,Solutions & Methods,39,khmer,| កែលម្អការងារ,កែលម្អការងារ,Remove pipe symbols from khmer translation
chinese,97,Solutions & Methods,41,khmer,| ដំណើរការបង្កើនប្រសិទ្ធភាព,ដំណើរការបង្កើនប្រសិទ្ធភាព,Remove pipe symbols from khmer translation
chinese,99,Career Development,3,khmer,| ការងារ,ការងារ,Remove pipe symbols from khmer translation
chinese,99,Career Development,8,khmer,ប្រវត្តិរូបសង្ខេប || ការជ្រើសរើស,ប្រវត្តិរូបសង្ខេប ការជ្រើសរើស,Remove pipe symbols from khmer translation
chinese,99,Career Development,15,khmer,| ការលាលែងពីតំណែង,ការលាលែងពីតំណែង,Remove pipe symbols from khmer translation
chinese,99,Career Development,28,khmer,| រៀបចំសម្រាប់ការសំភាសន៍,រៀបចំសម្រាប់ការសំភាសន៍,Remove pipe symbols from khmer translation
chinese,99,Career Development,41,khmer,| ដាក់ពាក្យសុំការកើនឡើងប្រាក់ខែ,ដាក់ពាក្យសុំការកើនឡើងប្រាក់ខែ,Remove pipe symbols from khmer translation
chinese,99,Career Development,45,khmer,| ចង់លាលែងពីតំណែង,ចង់លាលែងពីតំណែង,Remove pipe symbols from khmer translation
chinese,106,Abstract Concepts,24,khmer,អ្នកគិត || ការ|| ជាគោលការណ៍,អ្នកគិត ការ ជាគោលការណ៍,Remove pipe symbols from khmer translation
chinese,106,Abstract Concepts,25,khmer,| គោលការណ៍,គោលការណ៍,Remove pipe symbols from khmer translation
chinese,106,Abstract Concepts,32,khmer,| មានតម្លៃ,មានតម្លៃ,Remove pipe symbols from khmer translation
chinese,107,Success & Achievement,12,khmer,| ការតស៊ូ,ការតស៊ូ,Remove pipe symbols from khmer translation
chinese,107,Success & Achievement,13,khmer,ការខិតខំ || ប្រសិទ្ធិភាព,ការខិតខំ ប្រសិទ្ធិភាព,Remove pipe symbols from khmer translation
chinese,107,Success & Achievement,19,khmer,| អារម្មណ៍នៃសមិទ្ធិផល,អារម្មណ៍នៃសមិទ្ធិផល,Remove pipe symbols from khmer translation
chinese,107,Success & Achievement,37,khmer,| ការខិតខំប្រឹងប្រែង,ការខិតខំប្រឹងប្រែង,Remove pipe symbols from khmer translation
